/*inserting*/
insert Members(email,member_password,preferred_genre)
values ('ahmed@mn.com','5678','action')
insert Members(email,member_password,preferred_genre)
values ('fizo@mn.com','1stt2300','sports')
insert Members(email,member_password,preferred_genre)
values ('hashem@mn.com','1stt234','sports')
insert Members(email,member_password,preferred_genre)
values ('hazem@mn.com','1234','sports')
insert Members(email,member_password,preferred_genre)
values ('hesham@mn.com','1234ss','strategy')
insert Members(email,member_password,preferred_genre)
values ('mido@mn.com','1sttss234','RPG')
insert Members(email,member_password,preferred_genre)
values ('mizo@mn.com','1stt234sso','sports')
insert Members(email,member_password,preferred_genre)
values ('moataz@mn.com','1ss234','action')
insert Members(email,member_password,preferred_genre)
values ('seleem@mn.com','1stsst234','sports')
insert Members(email,member_password,preferred_genre)
values ('zizo@mn.com','1stt234olol','strategy')


/*inserting*/
insert Normal_Users(email,f_name,l_name,date_of_birth)
values ('ahmed@mn.com','ahmed','ahmed','1/1/1975')
insert Normal_Users(email,f_name,l_name,date_of_birth)
values ('hashem@mn.com','hashem','ahmad','3/1/1985')
insert Normal_Users(email,f_name,l_name,date_of_birth)
values ('hazem@mn.com','hazem','ahmed','1/1/1995')

/*inserting*/
insert Verified_Reviewers(email,f_name,l_name,starting_date)
values ('fizo@mn.com','fady','medhat','1/1/2009')
insert Verified_Reviewers(email,f_name,l_name,starting_date)
values ('mido@mn.com','mido','zozz','1/1/2010')
insert Verified_Reviewers(email,f_name,l_name,starting_date)
values ('mizo@mn.com','mazen','ahmed','1/1/2012')

/*inserting*/
insert Development_Teams(email,name,company,foundation_date)
values ('hesham@mn.com','red','TSS','1/1/2000')
insert Development_Teams(email,name,company,foundation_date)
values ('moataz@mn.com','lela','PDA','1/1/2000')
insert Development_Teams(email,name,company,foundation_date)
values ('seleem@mn.com','green','DFA','1/1/1998')
insert Development_Teams(email,name,company,foundation_date)
values ('zizo@mn.com','blue','NFA','1/1/2004')

/*inserting*/
insert Conferences(starting_date,ending_date,venue,name)
values ('1/2/2014','1/9/2014','pottery','Conf1')
insert Conferences(starting_date,ending_date,venue,name)
values ('3/3/2014','3/10/2014','amar el zaman','Conf2')
insert Conferences(starting_date,ending_date,venue,name)
values ('4/4/2014','4/10/2014','tutti matti','Conf3')
insert Conferences(starting_date,ending_date,venue,name)
values ('5/2/2014','5/3/2014','beanos','Conf4')
insert Conferences(starting_date,ending_date,venue,name)
values ('1/9/2014','1/21/2014','fuel corner','Conf5')
insert Conferences(starting_date,ending_date,venue,name)
values ('1/20/2014','1/22/2014','alef','Conf6')
insert Conferences(starting_date,ending_date,venue,name)
values ('7/1/2014','7/2/2014','costa','Conf7')
insert Conferences(starting_date,ending_date,venue,name)
values ('8/20/2014','8/24/2014','ClubM','Conf8')
insert Conferences(starting_date,ending_date,venue,name)
values ('1/20/2014','1/23/2014','ClubH','Conf9')
insert Conferences(starting_date,ending_date,venue,name)
values ('5/2/2014','5/3/2014','ClubS','Conf10')


/*inserting*/
insert Games(name,age_limit,release_date,conference_id)
values ('GTA',18,'1/2/2014',1)
insert Games(name,age_limit,release_date,conference_id)
values ('God of war',18,'1/2/2015',2)
insert Games(name,age_limit,release_date,conference_id)
values ('Witcher',16,'1/6/2013',3)
insert Games(name,age_limit,release_date,conference_id)
values ('Fifa10',8,'1/2/2010',4)
insert Games(name,age_limit,release_date,conference_id)
values ('crash',8,'1/2/1995',5)
insert Games(name,age_limit,release_date,conference_id)
values ('counter',12,'1/2/2002',6)
insert Games(name,age_limit,release_date,conference_id)
values ('strike',10,'1/2/2003',7)
insert Games(name,age_limit,release_date,conference_id)
values ('glow',13,'1/5/2014',8)
insert Games(name,age_limit,release_date,conference_id)
values ('unchanted',20,'1/20/2001',9)
insert Games(name,age_limit,release_date,conference_id)
values ('NFS',10,'7/2/2005',10)

/*inserting*/
insert Sport_Games(game_id,sport_type)
values (1,'type1')
insert Sport_Games(game_id,sport_type)
values (2,'type2')
insert Sport_Games(game_id,sport_type)
values (3,'type3')

/*inserting*/
insert Action_Games(game_id,sub_genre)
values (4,'adventure')
insert Action_Games(game_id,sub_genre)
values (5,'kill')


/*inserting*/

insert Strategy_Games(game_id,real_time)
values (6,1)
insert Strategy_Games(game_id,real_time)
values (7,0)
insert Strategy_Games(game_id,real_time)
values (8,1)
/*inserting*/
insert RPG_Games(game_id,story_line, pvp)
values (9,1,0)
insert RPG_Games(game_id,story_line, pvp)
values (10,1,1)


/*inserting*/
insert Communities(name,community_description)
values ('comm1','gamers field')
insert Communities(name,community_description)
values ('comm2','multiplayer gaming')
insert Communities(name,community_description)
values ('comm3','online gaming')
insert Communities(name,community_description)
values ('comm4','having fun with multikill gaming')
insert Communities(name,community_description)
values ('comm5','fifa15 best players all over the world')

/*inserting*/
insert Topics(name,topic_description)
values ('daisy','just a normal topic')
insert Topics(name,topic_description)
values ('davinci','topic concerning many things')
insert Topics(name,topic_description)
values ('dash','easy to get easy to read')
insert Topics(name,topic_description)
values ('dixxie','always pay attention reading this')
insert Topics(name,topic_description)
values ('roy','those topics names are my dogs')

/*inserting*/
insert Normal_Users_friends_Normal_Users(email1,email2,accepts)
values ('ahmed@mn.com','hashem@mn.com',1)
insert Normal_Users_friends_Normal_Users(email1,email2,accepts)
values ('hazem@mn.com','hashem@mn.com',0)
insert Normal_Users_friends_Normal_Users(email1,email2,accepts)
values ('ahmed@mn.com','hazem@mn.com',1)

/*inserting  conventions?!*/
insert Communities_created_by_Normal_users(comm_id,email)
values (1,'ahmed@mn.com')
insert Communities_created_by_Normal_users(comm_id,email)
values (2,'ahmed@mn.com')
insert Communities_created_by_Normal_users(comm_id,email)
values (3,'hashem@mn.com')
insert Communities_created_by_Normal_users(comm_id,email)
values (4,'hashem@mn.com')
insert Communities_created_by_Normal_users(comm_id,email)
values (5,'hazem@mn.com')

/*inserting  conventions?!*/
insert Games_rated_by_Members(email,game_id,graphics,uniqueness,interactivity,designlvl)
values ('ahmed@mn.com',1,8,7,8,7)
insert Games_rated_by_Members(email,game_id,graphics,uniqueness,interactivity,designlvl)
values ('fizo@mn.com',1,9,9,9,8)
insert Games_rated_by_Members(email,game_id,graphics,uniqueness,interactivity,designlvl)
values ('ahmed@mn.com',2,6,7,9,9)
insert Games_rated_by_Members(email,game_id,graphics,uniqueness,interactivity,designlvl)
values ('mizo@mn.com',1,7,8,9,9)
insert Games_rated_by_Members(email,game_id,graphics,uniqueness,interactivity,designlvl)
values ('fizo@mn.com',3,8,8,9,8)
insert Games_rated_by_Members(email,game_id,graphics,uniqueness,interactivity,designlvl)
values ('seleem@mn.com',4,8,8,9,8)
insert Games_rated_by_Members(email,game_id,graphics,uniqueness,interactivity,designlvl)
values ('hazem@mn.com',5,8,8,6,8)
insert Games_rated_by_Members(email,game_id,graphics,uniqueness,interactivity,designlvl)
values ('seleem@mn.com',6,10,2,8,8)
insert Games_rated_by_Members(email,game_id,graphics,uniqueness,interactivity,designlvl)
values ('mizo@mn.com',7,9,9,9,9)
insert Games_rated_by_Members(email,game_id,graphics,uniqueness,interactivity,designlvl)
values ('moataz@mn.com',8,8,8,8,8)
insert Games_rated_by_Members(email,game_id,graphics,uniqueness,interactivity,designlvl)
values ('hazem@mn.com',9,1,7,8,9)
insert Games_rated_by_Members(email,game_id,graphics,uniqueness,interactivity,designlvl)
values ('moataz@mn.com',10,9,9,2,4)


/*inserting  conventions?!*/
insert Communities_posted_Normal_Users_Topic(email,community_id,topic_id)
values ('ahmed@mn.com',1,2)
insert Communities_posted_Normal_Users_Topic(email,community_id,topic_id)
values ('hazem@mn.com',2,3)
insert Communities_posted_Normal_Users_Topic(email,community_id,topic_id)
values ('ahmed@mn.com',3,4)
insert Communities_posted_Normal_Users_Topic(email,community_id,topic_id)
values ('hazem@mn.com',4,5)
insert Communities_posted_Normal_Users_Topic(email,community_id,topic_id)
values ('hazem@mn.com',5,1)

/*inserting  conventions?!*/
insert Communities_joined_by_Members(email,community_id)
values ('ahmed@mn.com',1)
insert Communities_joined_by_Members(email,community_id)
values ('fizo@mn.com',2)
insert Communities_joined_by_Members(email,community_id)
values ('hashem@mn.com',3)
insert Communities_joined_by_Members(email,community_id)
values ('hazem@mn.com',4)
insert Communities_joined_by_Members(email,community_id)
values ('mizo@mn.com',5)
insert Communities_joined_by_Members(email,community_id)
values ('seleem@mn.com',1)
insert Communities_joined_by_Members(email,community_id)
values ('zizo@mn.com',2)
insert Communities_joined_by_Members(email,community_id)
values ('moataz@mn.com',3)

/*inserting */
insert Development_Teams_develops_Games(email,game_id)
values ('hesham@mn.com',1)
insert Development_Teams_develops_Games(email,game_id)
values ('hesham@mn.com',2)
insert Development_Teams_develops_Games(email,game_id)
values ('moataz@mn.com',3)
insert Development_Teams_develops_Games(email,game_id)
values ('moataz@mn.com',4)
insert Development_Teams_develops_Games(email,game_id)
values ('seleem@mn.com',5)
insert Development_Teams_develops_Games(email,game_id)
values ('seleem@mn.com',6)
insert Development_Teams_develops_Games(email,game_id)
values ('zizo@mn.com',7)
insert Development_Teams_develops_Games(email,game_id)
values ('zizo@mn.com',8)
insert Development_Teams_develops_Games(email,game_id)
values ('seleem@mn.com',9)
insert Development_Teams_develops_Games(email,game_id)
values ('zizo@mn.com',10)

/*inserting conventions?!*/
insert Conferences_presented_at_by_Development_Teams_Games(email,game_id,conference_id)
values ('hesham@mn.com',1,5)
insert Conferences_presented_at_by_Development_Teams_Games(email,game_id,conference_id)
values ('hesham@mn.com',2,4)
insert Conferences_presented_at_by_Development_Teams_Games(email,game_id,conference_id)
values ('moataz@mn.com',3,10)
insert Conferences_presented_at_by_Development_Teams_Games(email,game_id,conference_id)
values ('moataz@mn.com',4,2)
insert Conferences_presented_at_by_Development_Teams_Games(email,game_id,conference_id)
values ('seleem@mn.com',5,9)
insert Conferences_presented_at_by_Development_Teams_Games(email,game_id,conference_id)
values ('seleem@mn.com',6,1)
insert Conferences_presented_at_by_Development_Teams_Games(email,game_id,conference_id)
values ('zizo@mn.com',7,8)
insert Conferences_presented_at_by_Development_Teams_Games(email,game_id,conference_id)
values ('zizo@mn.com',8,3)
insert Conferences_presented_at_by_Development_Teams_Games(email,game_id,conference_id)
values ('seleem@mn.com',9,6)
insert Conferences_presented_at_by_Development_Teams_Games(email,game_id,conference_id)
values ('zizo@mn.com',10,5)

/*inserting conventions?!*/
insert Conferences_attended_by_Members(email,conference_id)
values ('fizo@mn.com',1)
insert Conferences_attended_by_Members(email,conference_id)
values ('hashem@mn.com',2)
insert Conferences_attended_by_Members(email,conference_id)
values ('hazem@mn.com',3)
insert Conferences_attended_by_Members(email,conference_id)
values ('ahmed@mn.com',4)
insert Conferences_attended_by_Members(email,conference_id)
values ('hesham@mn.com',5)
insert Conferences_attended_by_Members(email,conference_id)
values ('mido@mn.com',6)
insert Conferences_attended_by_Members(email,conference_id)
values ('mizo@mn.com',7)
insert Conferences_attended_by_Members(email,conference_id)
values ('moataz@mn.com',8)
insert Conferences_attended_by_Members(email,conference_id)
values ('seleem@mn.com',9)
insert Conferences_attended_by_Members(email,conference_id)
values ('zizo@mn.com',10)

/*inserting */
insert Games_Videos(game_id,video_description)
values (1,'desc1')
insert Games_Videos(game_id,video_description)
values (1,'desc2')
insert Games_Videos(game_id,video_description)
values (2,'desc3')
insert Games_Videos(game_id,video_description)
values (3,'desc4')
insert Games_Videos(game_id,video_description)
values (2,'desc5')
insert Games_Videos(game_id,video_description)
values (3,'desc6')
insert Games_Videos(game_id,video_description)
values (4,'desc7')
insert Games_Videos(game_id,video_description)
values (5,'desc8')
insert Games_Videos(game_id,video_description)
values (10,'desc9')
insert Games_Videos(game_id,video_description)
values (9,'desc10')


/*inserting */
insert Games_Screenshots(game_id,screenshot_description)
values (1,'sdesc1')
insert Games_Screenshots(game_id,screenshot_description)
values (1,'sdesc2')
insert Games_Screenshots(game_id,screenshot_description)
values (2,'sdesc3')
insert Games_Screenshots(game_id,screenshot_description)
values (3,'sdesc4')
insert Games_Screenshots(game_id,screenshot_description)
values (2,'sdesc5')
insert Games_Screenshots(game_id,screenshot_description)
values (3,'sdesc6')
insert Games_Screenshots(game_id,screenshot_description)
values (4,'sdesc7')
insert Games_Screenshots(game_id,screenshot_description)
values (5,'sdesc8')
insert Games_Screenshots(game_id,screenshot_description)
values (10,'sdesc9')
insert Games_Screenshots(game_id,screenshot_description)
values (9,'sdesc10')

/*inserting */
insert Topic_Comments(email,topic_id,content)
values ('hashem@mn.com',1,'i loved it')
insert Topic_Comments(email,topic_id,content)
values ('seleem@mn.com',2,'thank you')
insert Topic_Comments(email,topic_id,content)
values ('hashem@mn.com',3,'the best')
insert Topic_Comments(email,topic_id,content)
values ('seleem@mn.com',4,'i dont get it')
insert Topic_Comments(email,topic_id,content)
values ('zizo@mn.com',5,'hahahaha')

/*inserting */
insert Conference_Reviews(email,conference_id,content)
values ('hashem@mn.com',1,'rev1')
insert Conference_Reviews(email,conference_id,content)
values ('mizo@mn.com',2,'rev2')
insert Conference_Reviews(email,conference_id,content)
values ('hazem@mn.com',4,'rev3')
insert Conference_Reviews(email,conference_id,content)
values ('mizo@mn.com',9,'rev4')

/*inserting */
insert Conference_Reviews_Comments(conferences_reviews_id,conference_email,
conference_id,member_email,comment_text)
values (1,'hashem@mn.com',1,'ahmed@mn.com','hahahah')
insert Conference_Reviews_Comments(conferences_reviews_id,conference_email,
conference_id,member_email,comment_text)
values (2,'mizo@mn.com',2,'hesham@mn.com','lol')
insert Conference_Reviews_Comments(conferences_reviews_id,conference_email,
conference_id,member_email,comment_text)
values (3,'hazem@mn.com',4,'mizo@mn.com','great')
insert Conference_Reviews_Comments(conferences_reviews_id,conference_email,
conference_id,member_email,comment_text)
values (4,'mizo@mn.com',9,'moataz@mn.com','noooo')

 
 
 /*inserting */
insert Game_Reviews(game_id,email,content)
values (1,'mizo@mn.com','content1')
insert Game_Reviews(game_id,email,content)
values (2,'fizo@mn.com','content2')
insert Game_Reviews(game_id,email,content)
values (3,'mido@mn.com','content3')


 /*inserting */
insert Game_Review_Comments(game_review_id,game_id,game_email,email,comment_text)
values (1,1,'mizo@mn.com','ahmed@mn.com','haha')
insert Game_Review_Comments(game_review_id,game_id,game_email,email,comment_text)
values (2,2,'fizo@mn.com','hashem@mn.com','??')
insert Game_Review_Comments(game_review_id,game_id,game_email,email,comment_text)
values (3,3,'mido@mn.com','hazem@mn.com','ok')


 /*inserting */
insert Normal_User_Messages(email_send,email_received,text_message)
values ('ahmed@mn.com','hashem@mn.com','hi')
insert Normal_User_Messages(email_send,email_received,text_message)
values ('ahmed@mn.com','hazem@mn.com','bye')


 /*inserting */
insert Games_recommended_by_Normal_Users_to_Normal_Users(email_send,email_received,game_id)
values ('ahmed@mn.com','hashem@mn.com',1)
insert Games_recommended_by_Normal_Users_to_Normal_Users(email_send,email_received,game_id)
values ('ahmed@mn.com','hazem@mn.com',8)
